status,old_question_id,new_question_id,old_control_id,new_control_id,change,text_similarity,match_how,id_reuse
unchanged,A&A-01.1,A&A-01.1,A&A-01,A&A-01,unchanged,1.0,exact-text,no
unchanged,A&A-01.2,A&A-01.2,A&A-01,A&A-01,unchanged,1.0,exact-text,no
unchanged,A&A-02.1,A&A-02.1,A&A-02,A&A-02,unchanged,1.0,exact-text,no
changed,A&A-03.1,A&A-03.1,A&A-03,A&A-03,reworded,0.7,text(0.70),no
unchanged,A&A-04.1,A&A-04.1,A&A-04,A&A-04,unchanged,1.0,exact-text,no
changed,A&A-05.1,A&A-05.1,A&A-05,A&A-05,edited,0.974,text(0.97),no
unchanged,A&A-06.1,A&A-06.1,A&A-06,A&A-06,unchanged,1.0,exact-text,no
unchanged,AIS-01.1,AIS-01.1,AIS-01,AIS-01,unchanged,1.0,exact-text,no
changed,AIS-01.2,AIS-01.2,AIS-01,AIS-01,edited,0.996,text(1.00),no
unchanged,AIS-02.1,AIS-02.1,AIS-02,AIS-02,unchanged,1.0,exact-text,no
unchanged,AIS-03.1,AIS-03.1,AIS-03,AIS-03,unchanged,1.0,exact-text,no
changed,AIS-04.1,AIS-04.1,AIS-04,AIS-04,reworded,0.757,text(0.76),no
unchanged,AIS-05.1,AIS-05.1,AIS-05,AIS-05,unchanged,1.0,exact-text,no
unchanged,AIS-05.2,AIS-05.2,AIS-05,AIS-05,unchanged,1.0,exact-text,no
unchanged,AIS-06.1,AIS-06.1,AIS-06,AIS-06,unchanged,1.0,exact-text,no
unchanged,AIS-07.1,AIS-07.1,AIS-07,AIS-07,unchanged,1.0,exact-text,no
changed,AIS-10.1,AIS-08.1,AIS-10,AIS-08,renumbered,1.0,exact-text,yes
changed,AIS-10.2,AIS-08.2,AIS-10,AIS-08,renumbered,1.0,exact-text,no
changed,AIS-08.1,AIS-09.1,AIS-08,AIS-09,renumbered+edited,0.995,text(1.00),yes
changed,AIS-09.1,AIS-10.1,AIS-09,AIS-10,renumbered+edited,0.995,text(1.00),yes
unchanged,AIS-11.1,AIS-11.1,AIS-11,AIS-11,unchanged,1.0,exact-text,no
unchanged,AIS-12.1,AIS-12.1,AIS-12,AIS-12,unchanged,1.0,exact-text,no
unchanged,AIS-13.1,AIS-13.1,AIS-13,AIS-13,unchanged,1.0,exact-text,no
unchanged,AIS-14.1,AIS-14.1,AIS-14,AIS-14,unchanged,1.0,exact-text,no
unchanged,AIS-15.1,AIS-15.1,AIS-15,AIS-15,unchanged,1.0,exact-text,no
unchanged,BCR-01.1,BCR-01.1,BCR-01,BCR-01,unchanged,1.0,exact-text,no
changed,BCR-01.2,BCR-01.2,BCR-01,BCR-01,reworded,0.809,text(0.81),no
unchanged,BCR-02.1,BCR-02.1,BCR-02,BCR-02,unchanged,1.0,exact-text,no
unchanged,BCR-02.2,BCR-02.2,BCR-02,BCR-02,unchanged,1.0,exact-text,no
unchanged,BCR-03.1,BCR-03.1,BCR-03,BCR-03,unchanged,1.0,exact-text,no
unchanged,BCR-04.1,BCR-04.1,BCR-04,BCR-04,unchanged,1.0,exact-text,no
changed,BCR-05.1,BCR-05.1,BCR-05,BCR-05,edited,0.98,text(0.98),no
changed,BCR-05.2,BCR-05.2,BCR-05,BCR-05,edited,0.992,text(0.99),no
changed,BCR-06.1,BCR-06.1,BCR-06,BCR-06,reworded,0.673,text(0.67),no
unchanged,BCR-07.1,BCR-07.1,BCR-07,BCR-07,unchanged,1.0,exact-text,no
unchanged,BCR-08.1,BCR-08.1,BCR-08,BCR-08,unchanged,1.0,exact-text,no
unchanged,BCR-08.2,BCR-08.2,BCR-08,BCR-08,unchanged,1.0,exact-text,no
unchanged,BCR-09.1,BCR-09.1,BCR-09,BCR-09,unchanged,1.0,exact-text,no
unchanged,BCR-09.2,BCR-09.2,BCR-09,BCR-09,unchanged,1.0,exact-text,no
changed,BCR-10.1,BCR-10.1,BCR-10,BCR-10,reworded,0.753,text(0.75),no
unchanged,BCR-11.1,BCR-11.1,BCR-11,BCR-11,unchanged,1.0,exact-text,no
unchanged,CCC-01.1,CCC-01.1,CCC-01,CCC-01,unchanged,1.0,exact-text,no
unchanged,CCC-01.2,CCC-01.2,CCC-01,CCC-01,unchanged,1.0,exact-text,no
unchanged,CCC-02.1,CCC-02.1,CCC-02,CCC-02,unchanged,1.0,exact-text,no
unchanged,CCC-03.1,CCC-03.1,CCC-03,CCC-03,unchanged,1.0,exact-text,no
changed,CCC-04.1,CCC-04.1,CCC-04,CCC-04,edited,0.972,text(0.97),no
changed,CCC-05.1,CCC-05.1,CCC-05,CCC-05,reworded,0.923,text(0.92),no
changed,CCC-06.1,CCC-06.1,CCC-06,CCC-06,reworded,0.817,text(0.82),no
changed,CCC-06.2,CCC-06.2,CCC-06,CCC-06,reworded,0.865,text(0.86),no
unchanged,CCC-07.1,CCC-07.1,CCC-07,CCC-07,unchanged,1.0,exact-text,no
unchanged,CCC-08.1,CCC-08.1,CCC-08,CCC-08,unchanged,1.0,exact-text,no
unchanged,CCC-09.1,CCC-09.1,CCC-09,CCC-09,unchanged,1.0,exact-text,no
unchanged,CEK-01.1,CEK-01.1,CEK-01,CEK-01,unchanged,1.0,exact-text,no
unchanged,CEK-01.2,CEK-01.2,CEK-01,CEK-01,unchanged,1.0,exact-text,no
unchanged,CEK-02.1,CEK-02.1,CEK-02,CEK-02,unchanged,1.0,exact-text,no
unchanged,CEK-03.1,CEK-03.1,CEK-03,CEK-03,unchanged,1.0,exact-text,no
unchanged,CEK-04.1,CEK-04.1,CEK-04,CEK-04,unchanged,1.0,exact-text,no
unchanged,CEK-05.1,CEK-05.1,CEK-05,CEK-05,unchanged,1.0,exact-text,no
unchanged,CEK-06.1,CEK-06.1,CEK-06,CEK-06,unchanged,1.0,exact-text,no
unchanged,CEK-07.1,CEK-07.1,CEK-07,CEK-07,unchanged,1.0,exact-text,no
changed,CEK-08.1,CEK-08.1,CEK-08,CEK-08,reworded,0.922,text(0.92),no
unchanged,CEK-09.1,CEK-09.1,CEK-09,CEK-09,unchanged,1.0,exact-text,no
unchanged,CEK-09.2,CEK-09.2,CEK-09,CEK-09,unchanged,1.0,exact-text,no
unchanged,CEK-10.1,CEK-10.1,CEK-10,CEK-10,unchanged,1.0,exact-text,no
unchanged,CEK-11.1,CEK-11.1,CEK-11,CEK-11,unchanged,1.0,exact-text,no
unchanged,CEK-12.1,CEK-12.1,CEK-12,CEK-12,unchanged,1.0,exact-text,no
unchanged,CEK-13.1,CEK-13.1,CEK-13,CEK-13,unchanged,1.0,exact-text,no
unchanged,CEK-14.1,CEK-14.1,CEK-14,CEK-14,unchanged,1.0,exact-text,no
unchanged,CEK-15.1,CEK-15.1,CEK-15,CEK-15,unchanged,1.0,exact-text,no
unchanged,CEK-16.1,CEK-16.1,CEK-16,CEK-16,unchanged,1.0,exact-text,no
unchanged,CEK-17.1,CEK-17.1,CEK-17,CEK-17,unchanged,1.0,exact-text,no
unchanged,CEK-18.1,CEK-18.1,CEK-18,CEK-18,unchanged,1.0,exact-text,no
changed,CEK-19.1,CEK-19.1,CEK-19,CEK-19,edited,0.998,text(1.00),no
unchanged,CEK-20.1,CEK-20.1,CEK-20,CEK-20,unchanged,1.0,exact-text,no
unchanged,CEK-21.1,CEK-21.1,CEK-21,CEK-21,unchanged,1.0,exact-text,no
new,,DCS-01.1,,DCS-01,added,,,yes
new,,DCS-01.2,,DCS-01,added,,,yes
changed,DCS-01.1,DCS-02.1,DCS-01,DCS-02,renumbered,1.0,exact-text,yes
changed,DCS-01.2,DCS-02.2,DCS-01,DCS-02,renumbered+reworded,0.944,text(0.94),yes
changed,DCS-01.3,DCS-02.3,DCS-01,DCS-02,renumbered,1.0,exact-text,yes
changed,DCS-02.1,DCS-03.1,DCS-02,DCS-03,renumbered,1.0,exact-text,yes
changed,DCS-02.2,DCS-03.2,DCS-02,DCS-03,renumbered+edited,0.995,text(1.00),yes
changed,DCS-02.3,DCS-03.3,DCS-02,DCS-03,renumbered,1.0,exact-text,no
changed,DCS-03.1,DCS-04.1,DCS-03,DCS-04,renumbered,1.0,exact-text,yes
changed,DCS-03.2,DCS-04.2,DCS-03,DCS-04,renumbered,1.0,exact-text,yes
changed,DCS-04.1,DCS-05.1,DCS-04,DCS-05,renumbered,1.0,exact-text,yes
changed,DCS-04.2,DCS-05.2,DCS-04,DCS-05,renumbered,1.0,exact-text,yes
changed,DCS-05.1,DCS-06.1,DCS-05,DCS-06,renumbered,1.0,exact-text,yes
changed,DCS-05.2,DCS-06.2,DCS-05,DCS-06,renumbered,1.0,exact-text,yes
changed,DCS-06.1,DCS-07.1,DCS-06,DCS-07,renumbered,1.0,exact-text,yes
changed,DCS-06.2,DCS-07.2,DCS-06,DCS-07,renumbered,1.0,exact-text,no
changed,DCS-07.1,DCS-08.1,DCS-07,DCS-08,renumbered,1.0,exact-text,yes
changed,DCS-08.1,DCS-09.1,DCS-08,DCS-09,renumbered,1.0,exact-text,yes
changed,DCS-09.1,DCS-10.1,DCS-09,DCS-10,renumbered,1.0,exact-text,yes
changed,DCS-09.2,DCS-10.2,DCS-09,DCS-10,renumbered,1.0,exact-text,no
changed,DCS-10.1,DCS-11.1,DCS-10,DCS-11,renumbered,1.0,exact-text,yes
changed,DCS-11.1,DCS-12.1,DCS-11,DCS-12,renumbered,1.0,exact-text,yes
changed,DCS-12.1,DCS-13.1,DCS-12,DCS-13,renumbered,1.0,exact-text,yes
changed,DCS-13.1,DCS-14.1,DCS-13,DCS-14,renumbered,1.0,exact-text,yes
changed,DCS-14.1,DCS-15.1,DCS-14,DCS-15,renumbered,1.0,exact-text,yes
changed,DCS-15.1,DCS-16.1,DCS-15,DCS-16,renumbered,1.0,exact-text,no
new,,DCS-17.1,,DCS-17,added,,,no
new,,DCS-18.1,,DCS-18,added,,,no
changed,DSP-01.1,DSP-01.1,DSP-01,DSP-01,reworded,0.921,text(0.92),no
changed,DSP-01.2,DSP-01.2,DSP-01,DSP-01,reworded,0.728,text(0.73),no
unchanged,DSP-02.1,DSP-02.1,DSP-02,DSP-02,unchanged,1.0,exact-text,no
unchanged,DSP-03.1,DSP-03.1,DSP-03,DSP-03,unchanged,1.0,exact-text,no
unchanged,DSP-03.2,DSP-03.2,DSP-03,DSP-03,unchanged,1.0,exact-text,no
changed,DSP-04.1,DSP-04.1,DSP-04,DSP-04,reworded,0.908,text(0.91),no
changed,DSP-05.1,DSP-05.1,DSP-05,DSP-05,edited,0.975,text(0.98),no
changed,DSP-05.2,DSP-05.2,DSP-05,DSP-05,reworded,0.878,text(0.88),no
unchanged,DSP-06.1,DSP-06.1,DSP-06,DSP-06,unchanged,1.0,exact-text,no
unchanged,DSP-06.2,DSP-06.2,DSP-06,DSP-06,unchanged,1.0,exact-text,no
unchanged,DSP-07.1,DSP-07.1,DSP-07,DSP-07,unchanged,1.0,exact-text,no
unchanged,DSP-08.1,DSP-08.1,DSP-08,DSP-08,unchanged,1.0,exact-text,no
unchanged,DSP-08.2,DSP-08.2,DSP-08,DSP-08,unchanged,1.0,exact-text,no
unchanged,DSP-09.1,DSP-09.1,DSP-09,DSP-09,unchanged,1.0,exact-text,no
unchanged,DSP-10.1,DSP-10.1,DSP-10,DSP-10,unchanged,1.0,exact-text,no
unchanged,DSP-11.1,DSP-11.1,DSP-11,DSP-11,unchanged,1.0,exact-text,no
unchanged,DSP-12.1,DSP-12.1,DSP-12,DSP-12,unchanged,1.0,exact-text,no
unchanged,DSP-13.1,DSP-13.1,DSP-13,DSP-13,unchanged,1.0,exact-text,no
unchanged,DSP-14.1,DSP-14.1,DSP-14,DSP-14,unchanged,1.0,exact-text,no
unchanged,DSP-15.1,DSP-15.1,DSP-15,DSP-15,unchanged,1.0,exact-text,no
unchanged,DSP-16.1,DSP-16.1,DSP-16,DSP-16,unchanged,1.0,exact-text,no
unchanged,DSP-17.1,DSP-17.1,DSP-17,DSP-17,unchanged,1.0,exact-text,no
changed,DSP-18.1,DSP-18.1,DSP-18,DSP-18,reworded,0.878,text(0.88),no
unchanged,DSP-19.1,DSP-19.1,DSP-19,DSP-19,unchanged,1.0,exact-text,no
unchanged,DSP-20.1,DSP-20.1,DSP-20,DSP-20,unchanged,1.0,exact-text,no
unchanged,DSP-21.1,DSP-21.1,DSP-21,DSP-21,unchanged,1.0,exact-text,no
unchanged,DSP-22.1,DSP-22.1,DSP-22,DSP-22,unchanged,1.0,exact-text,no
unchanged,DSP-23.1,DSP-23.1,DSP-23,DSP-23,unchanged,1.0,exact-text,no
unchanged,DSP-23.2,DSP-23.2,DSP-23,DSP-23,unchanged,1.0,exact-text,no
unchanged,DSP-24.1,DSP-24.1,DSP-24,DSP-24,unchanged,1.0,exact-text,no
unchanged,GRC-01.1,GRC-01.1,GRC-01,GRC-01,unchanged,1.0,exact-text,no
changed,GRC-01.2,GRC-01.2,GRC-01,GRC-01,reworded,0.886,text(0.89),no
unchanged,GRC-02.1,GRC-02.1,GRC-02,GRC-02,unchanged,1.0,exact-text,no
unchanged,GRC-03.1,GRC-03.1,GRC-03,GRC-03,unchanged,1.0,exact-text,no
unchanged,GRC-04.1,GRC-04.1,GRC-04,GRC-04,unchanged,1.0,exact-text,no
unchanged,GRC-05.1,GRC-05.1,GRC-05,GRC-05,unchanged,1.0,exact-text,no
unchanged,GRC-06.1,GRC-06.1,GRC-06,GRC-06,unchanged,1.0,exact-text,no
changed,GRC-07.1,GRC-07.1,GRC-07,GRC-07,edited,0.97,text(0.97),no
changed,GRC-07.2,GRC-07.2,GRC-07,GRC-07,reworded,0.843,text(0.84),no
changed,GRC-08.01,GRC-08.1,GRC-08,GRC-08,renumbered,1.0,exact-text,no
unchanged,GRC-09.1,GRC-09.1,GRC-09,GRC-09,unchanged,1.0,exact-text,no
unchanged,GRC-09.2,GRC-09.2,GRC-09,GRC-09,unchanged,1.0,exact-text,no
unchanged,GRC-10.1,GRC-10.1,GRC-10,GRC-10,unchanged,1.0,exact-text,no
unchanged,GRC-11.1,GRC-11.1,GRC-11,GRC-11,unchanged,1.0,exact-text,no
unchanged,GRC-12.1,GRC-12.1,GRC-12,GRC-12,unchanged,1.0,exact-text,no
unchanged,GRC-13.1,GRC-13.1,GRC-13,GRC-13,unchanged,1.0,exact-text,no
unchanged,GRC-14.1,GRC-14.1,GRC-14,GRC-14,unchanged,1.0,exact-text,no
unchanged,GRC-15.1,GRC-15.1,GRC-15,GRC-15,unchanged,1.0,exact-text,no
unchanged,HRS-01.1,HRS-01.1,HRS-01,HRS-01,unchanged,1.0,exact-text,no
unchanged,HRS-01.2,HRS-01.2,HRS-01,HRS-01,unchanged,1.0,exact-text,no
changed,HRS-01.3,HRS-01.3,HRS-01,HRS-01,reworded,0.863,text(0.86),no
unchanged,HRS-02.1,HRS-02.1,HRS-02,HRS-02,unchanged,1.0,exact-text,no
changed,HRS-02.2,HRS-02.2,HRS-02,HRS-02,reworded,0.922,text(0.92),no
unchanged,HRS-03.1,HRS-03.1,HRS-03,HRS-03,unchanged,1.0,exact-text,no
changed,HRS-03.2,HRS-03.2,HRS-03,HRS-03,reworded,0.898,text(0.90),no
unchanged,HRS-04.1,HRS-04.1,HRS-04,HRS-04,unchanged,1.0,exact-text,no
changed,HRS-04.2,HRS-04.2,HRS-04,HRS-04,reworded,0.912,text(0.91),no
changed,HRS-05.1,HRS-05.1,HRS-05,HRS-05,reworded,0.85,text(0.85),no
changed,HRS-06.1,HRS-06.1,HRS-06,HRS-06,edited,0.97,text(0.97),no
unchanged,HRS-07.1,HRS-07.1,HRS-07,HRS-07,unchanged,1.0,exact-text,no
unchanged,HRS-08.1,HRS-08.1,HRS-08,HRS-08,unchanged,1.0,exact-text,no
changed,HRS-09.1,HRS-09.1,HRS-09,HRS-09,reworded,0.878,text(0.88),no
unchanged,HRS-10.1,HRS-10.1,HRS-10,HRS-10,unchanged,1.0,exact-text,no
unchanged,HRS-11.1,HRS-11.1,HRS-11,HRS-11,unchanged,1.0,exact-text,no
unchanged,HRS-11.2,HRS-11.2,HRS-11,HRS-11,unchanged,1.0,exact-text,no
unchanged,HRS-12.1,HRS-12.1,HRS-12,HRS-12,unchanged,1.0,exact-text,no
unchanged,HRS-13.1,HRS-13.1,HRS-13,HRS-13,unchanged,1.0,exact-text,no
unchanged,HRS-14.1,HRS-14.1,HRS-14,HRS-14,unchanged,1.0,exact-text,no
unchanged,HRS-14.2,HRS-14.2,HRS-14,HRS-14,unchanged,1.0,exact-text,no
unchanged,HRS-15.1,HRS-15.1,HRS-15,HRS-15,unchanged,1.0,exact-text,no
unchanged,I&S-01.1,I&S-01.1,I&S-01,I&S-01,unchanged,1.0,exact-text,no
unchanged,I&S-01.2,I&S-01.2,I&S-01,I&S-01,unchanged,1.0,exact-text,no
unchanged,I&S-02.1,I&S-02.1,I&S-02,I&S-02,unchanged,1.0,exact-text,no
changed,I&S-03.1,I&S-03.1,I&S-03,I&S-03,reworded,0.92,text(0.92),no
unchanged,I&S-03.2,I&S-03.2,I&S-03,I&S-03,unchanged,1.0,exact-text,no
unchanged,I&S-04.1,I&S-04.1,I&S-04,I&S-04,unchanged,1.0,exact-text,no
changed,I&S-05.1,I&S-05.1,I&S-05,I&S-05,reworded,0.536,ordinal,no
new,,I&S-05.2,,I&S-05,added,,,no
changed,I&S-06.1,I&S-06.1,I&S-06,I&S-06,edited,0.953,text(0.95),no
unchanged,I&S-07.1,I&S-07.1,I&S-07,I&S-07,unchanged,1.0,exact-text,no
unchanged,I&S-07.2,I&S-07.2,I&S-07,I&S-07,unchanged,1.0,exact-text,no
changed,I&S-08.1,I&S-08.1,I&S-08,I&S-08,reworded,0.624,text(0.62),no
unchanged,I&S-09.1,I&S-09.1,I&S-09,I&S-09,unchanged,1.0,exact-text,no
unchanged,IAM-01.1,IAM-01.1,IAM-01,IAM-01,unchanged,1.0,exact-text,no
unchanged,IAM-01.2,IAM-01.2,IAM-01,IAM-01,unchanged,1.0,exact-text,no
changed,IAM-02.1,IAM-02.1,IAM-02,IAM-02,reworded,0.744,text(0.74),no
changed,IAM-02.2,IAM-02.2,IAM-02,IAM-02,reworded,0.536,ordinal,no
unchanged,IAM-03.1,IAM-03.1,IAM-03,IAM-03,unchanged,1.0,exact-text,no
unchanged,IAM-04.1,IAM-04.1,IAM-04,IAM-04,unchanged,1.0,exact-text,no
unchanged,IAM-05.1,IAM-05.1,IAM-05,IAM-05,unchanged,1.0,exact-text,no
unchanged,IAM-06.1,IAM-06.1,IAM-06,IAM-06,unchanged,1.0,exact-text,no
unchanged,IAM-07.1,IAM-07.1,IAM-07,IAM-07,unchanged,1.0,exact-text,no
changed,IAM-08.1,IAM-08.1,IAM-08,IAM-08,edited,0.953,text(0.95),no
unchanged,IAM-09.1,IAM-09.1,IAM-09,IAM-09,unchanged,1.0,exact-text,no
unchanged,IAM-10.1,IAM-10.1,IAM-10,IAM-10,unchanged,1.0,exact-text,no
unchanged,IAM-10.2,IAM-10.2,IAM-10,IAM-10,unchanged,1.0,exact-text,no
changed,IAM-11.1,IAM-11.1,IAM-11,IAM-11,reworded,0.817,text(0.82),no
changed,IAM-13.1,IAM-12.1,IAM-13,IAM-12,renumbered,1.0,exact-text,yes
changed,IAM-14.1,IAM-13.1,IAM-14,IAM-13,renumbered,1.0,exact-text,yes
changed,IAM-14.2,IAM-13.2,IAM-14,IAM-13,renumbered,1.0,exact-text,no
changed,IAM-15.1,IAM-14.1,IAM-15,IAM-14,renumbered+reworded,0.56,text(0.56),yes
changed,IAM-16.1,IAM-15.1,IAM-16,IAM-15,renumbered,1.0,exact-text,yes
changed,IAM-17.1,IAM-16.1,IAM-17,IAM-16,renumbered,1.0,exact-text,yes
changed,IAM-18.1,IAM-17.1,IAM-18,IAM-17,renumbered+edited,0.997,text(1.00),yes
changed,IAM-19.1,IAM-18.1,IAM-19,IAM-18,renumbered,1.0,exact-text,yes
unchanged,IPY-01.1,IPY-01.1,IPY-01,IPY-01,unchanged,1.0,exact-text,no
unchanged,IPY-01.2,IPY-01.2,IPY-01,IPY-01,unchanged,1.0,exact-text,no
changed,IPY-02.1,IPY-02.1,IPY-02,IPY-02,reworded,0.948,text(0.95),no
changed,IPY-03.1,IPY-03.1,IPY-03,IPY-03,reworded,0.942,text(0.94),no
changed,IPY-04.1,IPY-04.1,IPY-04,IPY-04,reworded,0.921,text(0.92),no
unchanged,LOG-01.1,LOG-01.1,LOG-01,LOG-01,unchanged,1.0,exact-text,no
unchanged,LOG-01.2,LOG-01.2,LOG-01,LOG-01,unchanged,1.0,exact-text,no
unchanged,LOG-02.1,LOG-02.1,LOG-02,LOG-02,unchanged,1.0,exact-text,no
changed,LOG-03.1,LOG-03.1,LOG-03,LOG-03,reworded,0.693,text(0.69),no
changed,LOG-03.2,LOG-03.2,LOG-03,LOG-03,reworded,0.772,text(0.77),no
changed,LOG-04.1,LOG-04.1,LOG-04,LOG-04,reworded,0.689,text(0.69),no
changed,LOG-05.1,LOG-05.1,LOG-05,LOG-05,reworded,0.563,text(0.56),no
unchanged,LOG-05.2,LOG-05.2,LOG-05,LOG-05,unchanged,1.0,exact-text,no
unchanged,LOG-06.1,LOG-06.1,LOG-06,LOG-06,unchanged,1.0,exact-text,no
unchanged,LOG-07.1,LOG-07.1,LOG-07,LOG-07,unchanged,1.0,exact-text,no
changed,LOG-07.2,LOG-07.2,LOG-07,LOG-07,reworded,0.829,text(0.83),no
new,,LOG-08.1,,LOG-08,added,,,yes
changed,LOG-08.1,LOG-09.1,LOG-08,LOG-09,renumbered,1.0,exact-text,yes
changed,LOG-09.1,LOG-10.1,LOG-09,LOG-10,renumbered+edited,0.97,text(0.97),yes
changed,LOG-10.1,LOG-11.1,LOG-10,LOG-11,renumbered,1.0,exact-text,yes
changed,LOG-11.1,LOG-12.1,LOG-11,LOG-12,renumbered,1.0,exact-text,yes
changed,LOG-12.1,LOG-13.1,LOG-12,LOG-13,renumbered,1.0,exact-text,yes
changed,LOG-13.1,LOG-14.1,LOG-13,LOG-14,renumbered,1.0,exact-text,yes
changed,LOG-13.2,LOG-14.2,LOG-13,LOG-14,renumbered,1.0,exact-text,no
changed,LOG-14.1,LOG-15.1,LOG-14,LOG-15,renumbered,1.0,exact-text,yes
changed,LOG-15.1,LOG-16.1,LOG-15,LOG-16,renumbered,1.0,exact-text,no
unchanged,MDS-01.1,MDS-01.1,MDS-01,MDS-01,unchanged,1.0,exact-text,no
changed,MDS-01.2,MDS-01.2,MDS-01,MDS-01,edited,0.988,text(0.99),no
unchanged,MDS-02.1,MDS-02.1,MDS-02,MDS-02,unchanged,1.0,exact-text,no
unchanged,MDS-02.2,MDS-02.2,MDS-02,MDS-02,unchanged,1.0,exact-text,no
unchanged,MDS-03.1,MDS-03.1,MDS-03,MDS-03,unchanged,1.0,exact-text,no
unchanged,MDS-03.2,MDS-03.2,MDS-03,MDS-03,unchanged,1.0,exact-text,no
unchanged,MDS-04.1,MDS-04.1,MDS-04,MDS-04,unchanged,1.0,exact-text,no
unchanged,MDS-05.1,MDS-05.1,MDS-05,MDS-05,unchanged,1.0,exact-text,no
unchanged,MDS-06.1,MDS-06.1,MDS-06,MDS-06,unchanged,1.0,exact-text,no
unchanged,MDS-07.1,MDS-07.1,MDS-07,MDS-07,unchanged,1.0,exact-text,no
unchanged,MDS-08.1,MDS-08.1,MDS-08,MDS-08,unchanged,1.0,exact-text,no
unchanged,MDS-08.2,MDS-08.2,MDS-08,MDS-08,unchanged,1.0,exact-text,no
unchanged,MDS-09.1,MDS-09.1,MDS-09,MDS-09,unchanged,1.0,exact-text,no
unchanged,MDS-10.1,MDS-10.1,MDS-10,MDS-10,unchanged,1.0,exact-text,no
changed,MDS-11.1,MDS-11.1,MDS-11,MDS-11,edited,0.975,text(0.98),no
unchanged,MDS-11.2,MDS-11.2,MDS-11,MDS-11,unchanged,1.0,exact-text,no
unchanged,MDS-12.1,MDS-12.1,MDS-12,MDS-12,unchanged,1.0,exact-text,no
unchanged,MDS-12.2,MDS-12.2,MDS-12,MDS-12,unchanged,1.0,exact-text,no
unchanged,MDS-13.1,MDS-13.1,MDS-13,MDS-13,unchanged,1.0,exact-text,no
unchanged,SEF-01.1,SEF-01.1,SEF-01,SEF-01,unchanged,1.0,exact-text,no
changed,SEF-01.2,SEF-01.2,SEF-01,SEF-01,edited,0.997,text(1.00),no
unchanged,SEF-02.1,SEF-02.1,SEF-02,SEF-02,unchanged,1.0,exact-text,no
unchanged,SEF-02.2,SEF-02.2,SEF-02,SEF-02,unchanged,1.0,exact-text,no
changed,SEF-03.1,SEF-03.1,SEF-03,SEF-03,reworded,0.611,text(0.61),no
changed,SEF-04.1,SEF-04.1,SEF-04,SEF-04,reworded,0.698,text(0.70),no
unchanged,SEF-05.1,SEF-05.1,SEF-05,SEF-05,unchanged,1.0,exact-text,no
unchanged,SEF-06.1,SEF-06.1,SEF-06,SEF-06,unchanged,1.0,exact-text,no
new,,SEF-07.1,,SEF-07,added,,,yes
new,,SEF-07.2,,SEF-07,added,,,yes
changed,SEF-07.1,SEF-08.1,SEF-07,SEF-08,renumbered,1.0,exact-text,yes
changed,SEF-07.2,SEF-08.2,SEF-07,SEF-08,renumbered+reworded,0.833,text(0.83),yes
new,,SEF-09.1,,SEF-09,added,,,yes
new,,SEF-09.2,,SEF-09,added,,,no
changed,SEF-08.1,SEF-10.1,SEF-08,SEF-10,renumbered,1.0,exact-text,no
changed,SEF-08.2,SEF-10.2,SEF-08,SEF-10,renumbered+edited,0.992,text(0.99),no
unchanged,STA-01.1,STA-01.1,STA-01,STA-01,unchanged,1.0,exact-text,no
unchanged,STA-01.2,STA-01.2,STA-01,STA-01,unchanged,1.0,exact-text,no
unchanged,STA-02.1,STA-02.1,STA-02,STA-02,unchanged,1.0,exact-text,no
unchanged,STA-02.2,STA-02.2,STA-02,STA-02,unchanged,1.0,exact-text,no
unchanged,STA-03.1,STA-03.1,STA-03,STA-03,unchanged,1.0,exact-text,no
changed,STA-04.1,STA-04.1,STA-04,STA-04,reworded,0.874,text(0.87),no
unchanged,STA-05.1,STA-05.1,STA-05,STA-05,unchanged,1.0,exact-text,no
changed,STA-06.1,STA-06.1,STA-06,STA-06,reworded,0.949,text(0.95),no
unchanged,STA-07.1,STA-07.1,STA-07,STA-07,unchanged,1.0,exact-text,no
unchanged,STA-08.1,STA-08.1,STA-08,STA-08,unchanged,1.0,exact-text,no
changed,STA-16.1,STA-09.1,STA-16,STA-09,renumbered+reworded,0.592,text(0.59),yes
new,,STA-09.2,,STA-09,added,,,no
changed,STA-09.1,STA-10.1,STA-09,STA-10,renumbered,1.0,exact-text,yes
changed,STA-10.1,STA-11.1,STA-10,STA-11,renumbered+edited,0.965,text(0.97),yes
changed,STA-11.1,STA-12.1,STA-11,STA-12,renumbered,1.0,exact-text,yes
changed,STA-12.1,STA-13.1,STA-12,STA-13,renumbered,1.0,exact-text,yes
changed,STA-13.1,STA-14.1,STA-13,STA-14,renumbered,1.0,exact-text,yes
changed,STA-14.1,STA-15.1,STA-14,STA-15,renumbered+reworded,0.451,ordinal,yes
changed,STA-15.1,STA-16.1,STA-15,STA-16,renumbered+reworded,0.824,text(0.82),yes
unchanged,TVM-01.1,TVM-01.1,TVM-01,TVM-01,unchanged,1.0,exact-text,no
unchanged,TVM-01.2,TVM-01.2,TVM-01,TVM-01,unchanged,1.0,exact-text,no
unchanged,TVM-02.1,TVM-02.1,TVM-02,TVM-02,unchanged,1.0,exact-text,no
unchanged,TVM-02.2,TVM-02.2,TVM-02,TVM-02,unchanged,1.0,exact-text,no
changed,TVM-03.1,TVM-03.1,TVM-03,TVM-03,reworded,0.527,ordinal,no
changed,TVM-12.1,TVM-04.1,TVM-12,TVM-04,renumbered,1.0,exact-text,yes
changed,TVM-12.2,TVM-04.2,TVM-12,TVM-04,renumbered,1.0,exact-text,no
changed,TVM-04.1,TVM-05.1,TVM-04,TVM-05,renumbered,1.0,exact-text,yes
changed,TVM-05.1,TVM-06.1,TVM-05,TVM-06,renumbered,1.0,exact-text,yes
changed,TVM-06.1,TVM-07.1,TVM-06,TVM-07,renumbered,1.0,exact-text,yes
changed,TVM-07.1,TVM-08.1,TVM-07,TVM-08,renumbered,1.0,exact-text,yes
changed,TVM-08.1,TVM-09.1,TVM-08,TVM-09,renumbered+edited,0.98,text(0.98),yes
changed,TVM-13.1,TVM-10.1,TVM-13,TVM-10,renumbered,1.0,exact-text,yes
changed,TVM-09.1,TVM-11.1,TVM-09,TVM-11,renumbered,1.0,exact-text,yes
changed,TVM-10.1,TVM-12.1,TVM-10,TVM-12,renumbered,1.0,exact-text,yes
changed,TVM-11.1,TVM-13.1,TVM-11,TVM-13,renumbered,1.0,exact-text,yes
changed,TVM-11.2,TVM-13.2,TVM-11,TVM-13,renumbered,1.0,exact-text,no
unchanged,UEM-01.1,UEM-01.1,UEM-01,UEM-01,unchanged,1.0,exact-text,no
unchanged,UEM-01.2,UEM-01.2,UEM-01,UEM-01,unchanged,1.0,exact-text,no
unchanged,UEM-02.1,UEM-02.1,UEM-02,UEM-02,unchanged,1.0,exact-text,no
unchanged,UEM-03.1,UEM-03.1,UEM-03,UEM-03,unchanged,1.0,exact-text,no
changed,UEM-04.1,UEM-04.1,UEM-04,UEM-04,reworded,0.86,text(0.86),no
unchanged,UEM-05.1,UEM-05.1,UEM-05,UEM-05,unchanged,1.0,exact-text,no
unchanged,UEM-06.1,UEM-06.1,UEM-06,UEM-06,unchanged,1.0,exact-text,no
unchanged,UEM-07.1,UEM-07.1,UEM-07,UEM-07,unchanged,1.0,exact-text,no
unchanged,UEM-08.1,UEM-08.1,UEM-08,UEM-08,unchanged,1.0,exact-text,no
unchanged,UEM-09.1,UEM-09.1,UEM-09,UEM-09,unchanged,1.0,exact-text,no
unchanged,UEM-10.1,UEM-10.1,UEM-10,UEM-10,unchanged,1.0,exact-text,no
unchanged,UEM-11.1,UEM-11.1,UEM-11,UEM-11,unchanged,1.0,exact-text,no
unchanged,UEM-12.1,UEM-12.1,UEM-12,UEM-12,unchanged,1.0,exact-text,no
unchanged,UEM-13.1,UEM-13.1,UEM-13,UEM-13,unchanged,1.0,exact-text,no
unchanged,UEM-14.1,UEM-14.1,UEM-14,UEM-14,unchanged,1.0,exact-text,no
removed,IAM-12.1,,IAM-12,,removed,,,yes
removed,SEF-09.1,,SEF-09,,removed,,,yes
